RT @OTKnetwork: Introducing our $25,000 League of Legends tournament Captains üèÜ

@REALMizkif 
@Sodapoppintv 
@LudwigAhgren 
@Thebuddha_3 
@‚Ä¶
@AustinCreedWins @G4TV @WWE @UpUpDwnDwn 1. Devil May Cry (the franchise as a whole) 

2. Digimon (the franchise as‚Ä¶ https://t.co/ATrEmdSeDL
RT @xRicoADK: Los verdaderos League of Legends Players https://t.co/h9XPkCHNuR
bizarro oq a loud faz nesse tal de league of legends
@3Nok_ You play league of legends? üëÄ
RT @LOUDgg: Quais campe√µes devem ser escolhidos para as skins quando a gente ganhar o mundial de League of Legends?
RT @xRicoADK: As√≠ me siento cada partida de League of Legends https://t.co/shuXmNhC7D
@blueshakerato Ai chega a japa ''Oh me too, gurrl I'm gonna play league of legends for 4 hours, order some boba and‚Ä¶ https://t.co/bJQcZDFvHl
@luis_rr99 @MaguiverRr @XyaolangLi @_AlanQ si tuvieras algo de league of legends y lo vieras jugar lo entender√≠as,‚Ä¶ https://t.co/E2quVyQN07
RT @katekeyisonfire: Happy Bday to Miss Fortune from League of Legends! ‚ò∫ Send me gifts ~ https://t.co/H5DRKdcfNO
O Kassadin foi MUITO nerfado desde a sua cria√ß√£o no League of Legends https://t.co/GSn8rRKqDr
@ItsJimC Thanks brother! She really does. I am so lucky to have her in my collection. I have a ton honestly. Star W‚Ä¶ https://t.co/UYg3pKa2X0
RT @ayumiwaifu2: Qd eu bater 10k de seguidores vou postar foto da pp*küò≥
Comenta e da rt aqui pra divulgar
 gamer anime league of legends
@venkshen @thatsmytrunks Lol, clearly you don't have a clue how League of Legends's and especially World of Warcraft's communities are.
RT @LeonardoBenett1: @eliasobrabo1 Tematica league of legends
RT @gg_ahri: I log in to play one game of league of legends‚Ä¶ https://t.co/JmsQOssFd5
RT @AnaelicCosplay: pov you meet a league of legends cosplayer at the food court https://t.co/Ri50D22MXy
RT @Bananaa_tv: ‚≠êÔ∏èGIGA PACK EMOTES ‚≠êÔ∏è

Petite nouveaut√© sur mon Etsy, des emotes!
- th√®me League of Legends
- 15 emotes/15personnages.
- √†‚Ä¶
Trash Gamer Plays League of Legends VI #Trash #TrashGamer #Gamer #Gaming #Streaming #Streamer #SmallStreamer‚Ä¶ https://t.co/lUbJkCwyXo
i Relate :')
Tags (ignore)
#leagueoflegends #riot #lolplays #leagueoflegendsmemes #riven  #pentakill #zed #yasuo‚Ä¶ https://t.co/mEBuhEt6ri
RT @Carkeyfam: Sure it is
Tags (ignore) 
#leagueoflegends #riot #lolplays #leagueoflegendsmemes #riven  #pentakill #zed #yasuo #outplay #su‚Ä¶
RT @AnaelicCosplay: pov you meet a league of legends cosplayer at the food court https://t.co/Ri50D22MXy
https://t.co/NY2tpyDnKw 

League Of Legends Arcane #Cosplay ... 
 
#Cmv #CosplayGlobal #Mcm„Ç≥„Éü„Ç≥„É≥ #‚Ö• #„Ç¢„Éã„É° #„Åã„Çè„ÅÑ„ÅÑ #„Ç≥„Çπ„Éó„É¨‚Ä¶ https://t.co/H9YP5Dw7KW
RT @gg_ahri: I log in to play one game of league of legends‚Ä¶ https://t.co/JmsQOssFd5
RT @LittleBrownUK: Ruination is out today!

Discover an epic tale of magic, revenge, and an empire on the verge of ruin in the first ever n‚Ä¶
@Veigar_v2 Idk its just s12 mindset, one bad thing happens and people refuse to continue playing

Wish people would‚Ä¶ https://t.co/yDpHqDJ8ZF
RT @OTKnetwork: Introducing our $25,000 League of Legends tournament Captains üèÜ

@REALMizkif 
@Sodapoppintv 
@LudwigAhgren 
@Thebuddha_3 
@‚Ä¶
What's the best part of playing league of legends? 

For me it's playing with my friends and one of them takes Susa‚Ä¶ https://t.co/oxv92M2avm
Sure it is
Tags (ignore) 
#leagueoflegends #riot #lolplays #leagueoflegendsmemes #riven  #pentakill #zed #yasuo‚Ä¶ https://t.co/Qc9cbcMy7s
DEJO LEAGUE OF LEGENDS

esto se debe a que recientemente he perdido la virginidad, y como consecuencia no pertenezc‚Ä¶ https://t.co/akeJOZkVJp
RT @flaxxish: how long until league of legends dies? dont get me wrong i love league its a fun game, but riot are so boring man. no new con‚Ä¶
RT @SteelBillRun: @JessicaBlevins If only someone's braless wife brought him a sandwich (not asked for) while he is in the middle of carryi‚Ä¶
RT @jarhead577: Going live with some league of legends come hangout with me https://t.co/gQWj3p4K6U
@DuolingoBrasil League of legends
RT @requieeeeeem: ¬øSab√≠as que Swain, campe√≥n de League of Legends, est√° inspirado en el actual Rey de Reino Unido Carlos III? https://t.co/‚Ä¶
RT @QWERGGTHANKYOU: Mid-Autumn Festivalüåô
#League_of_Legends 
#Annie
#Irelia https://t.co/baweGDGMyh
ENHANCED MEMORYIf we are to take a look at Dota 2 or League of Legends, both games holster over 100 playable heroes‚Ä¶ https://t.co/1bPdeJsoQJ
RT @xRicoADK: Los verdaderos League of Legends Players https://t.co/h9XPkCHNuR
üéÆLeague of Legends - LVP Superliga

MAD Lions Madrid vs Guasones Team
MAD Lions Madrid ML - Odds 1.70 @ DS 1.25u (B‚Ä¶ https://t.co/KcKmoGrx1H
RT @Rena_Angel1111: League of legends - Shen

I try Shen cosplay. 

#LeagueOfLegends #cosplay #cosplayer  #„Ç≥„Çπ„Éó„É¨ #„Ç≥„Çπ„Éó„É¨„Ç§„É§„Éº #RiotGames #LOL #Ëã±‚Ä¶
@BeelzebubTV I mean who knows? Maybe Biden‚Äôs a huge League of Legends player but he can‚Äôt tell us.
RT @JuiceMan_V: Nintendo stepped on the gas since January and they ain't even done yet:

Pok√©mon Legends
Triangle Strategy
Mario Strikers:‚Ä¶
@kelosaurusTTV I think it will create longer queue times especially in OCE and people will stop playing due to the‚Ä¶ https://t.co/DRIAOfDn1e
@OTKnetwork Heard he has a brother who plays League of Legends.
porque a comunidade de league of legends deveria ser exterminada, um estudo de caso concreto
RT @Skeanz_lol: Get the new Secretlab x League of Legends "Tilted" Emote

Follow @TeamVitality + @secretlabchairs 
Like &amp; RT this post
Draw‚Ä¶
RT @AnaelicCosplay: pov you meet a league of legends cosplayer at the food court https://t.co/Ri50D22MXy
RT @norafawn: arcane jinx vs league of legends jinx https://t.co/GQ3pzPAKy5
league of legends. https://t.co/JuN5CzV4Qa
RT @CrvgGon: Desculpa mas ultimamente eu estou jogando mto esse tal de league of legends, ok??
RT @xRicoADK: As√≠ me siento cada partida de League of Legends https://t.co/shuXmNhC7D
Buenas Noches 

Les seuls points forts de League of Legends c'est litt√©ralement hors du jeu et √ßa me fait cri√© ptdrr
Going live with some league of legends come hangout with me https://t.co/gQWj3p4K6U
@hacklauch Versuch doch was beruhigenderes, League of Legends zum Beispiel :D
RT @Im_Row1: Live in a few minutes | League of legends ranked | Rank diamond 1 28 lp | https://t.co/Oqq1YrOxxi
#KOOPATROOP #TwitchAffliate‚Ä¶
RT @Caxose_: Estou procurando um time do cblol para tentar criar, melhorar e desenvolver uma comunidade de league of legends.
Rts e curtida‚Ä¶
RT @OTKnetwork: Introducing our $25,000 League of Legends tournament Captains üèÜ

@REALMizkif 
@Sodapoppintv 
@LudwigAhgren 
@Thebuddha_3 
@‚Ä¶
QUE CARALHO LEAGUE OF LEGENDS EU COMPREI ESSA MERDA SEMANA PASSADA E HJ VCS DECIDEM COLOCAR ELA EM PROMOCAO???&amp;;@4@4 https://t.co/AGZoqpbgMV
RT @denisekuan: Dammit I love league of legends üò≠üò≠
If Sun plays League of legends he would main Wukong then complain how people are beating Wukong
@KCmarlon_ @givreuw Nous notre prof de ses on a tap√© son nom sur Twitter √ßa fait que mal parl√© d‚Äôelle et y‚Äôa m√™me u‚Ä¶ https://t.co/nOBoVPPraE
RT @Jesklaa: Try to win the new Secretlab x League of legends ‚ÄùTilted‚Äù Emote              Follow @TeamVitality + @secretlabchairs‚Ä¶
RT @AnaelicCosplay: pov you meet a league of legends cosplayer at the food court https://t.co/Ri50D22MXy
RT @Skeanz_lol: Get the new Secretlab x League of Legends "Tilted" Emote

Follow @TeamVitality + @secretlabchairs 
Like &amp; RT this post
Draw‚Ä¶
https://t.co/l0goaTo2Hc
O Problema Que A Riot Nunca Resolve - League Of Legends E Wild Rift

#leagueoflegends‚Ä¶ https://t.co/FoMogFaCaY
RT @Felipez360: Lulu es un personaje del videojuego multijugador en l√≠nea league of legends
J'ai vu quelqu'un avec un t shirt league of legends en public je ne sais toujours pas quoivfaire de cette info
RT @xRicoADK: As√≠ me siento cada partida de League of Legends https://t.co/shuXmNhC7D
oh no i think league of legends my be my comfort game.
@Xenogenic justin i have a new idea for league of legends, what if the jungle monsters all killed laners

this is a‚Ä¶ https://t.co/Cmi5YD1BAn
RT @NeckoLol: Los TikToks chinos de League of Legends no tienen ning√∫n sentido parte 12 https://t.co/XyACCuRq89
RT @NeckoLol: Los TikToks chinos de League of Legends no tienen ning√∫n sentido parte 11 https://t.co/1O5dVad0Sk
RT @Skeanz_lol: Get the new Secretlab x League of Legends "Tilted" Emote

Follow @TeamVitality + @secretlabchairs 
Like &amp; RT this post
Draw‚Ä¶
RT @PapaUwUx: Least sexist league of legends conversation. https://t.co/vNzc4y4EmT
@venkshen @thatsmytrunks you haven't played league of legends. but halo is also very toxic
tengo 20 a√±os.

no he besado nunca. no he tenido sexo. ni he bebido. ni he fumado.

pues me dicen "qu√© raro eres" o‚Ä¶ https://t.co/ejQfgYqRI6
RT @Carkeyfam: cLoWn
Tags (ignore) üò¥
#leagueoflegends #riot #lolplays #leagueoflegendsmemes #riven  #pentakill #zed #yasuo #outplay #summon‚Ä¶
@EricSheffieldVO So, you play ALL of League of Legends! Lol
RT @Carkeyfam: cLoWn
Tags (ignore) üò¥
#leagueoflegends #riot #lolplays #leagueoflegendsmemes #riven  #pentakill #zed #yasuo #outplay #summon‚Ä¶
Is it‚Ä¶ League of Legends? ü§¢
@Cheezy_UNI League of legends (jk do not play league for your own sanity haha)
RT @xRicoADK: As√≠ me siento cada partida de League of Legends https://t.co/shuXmNhC7D
@vol3ar üòû kakyoin plays league of legends
RT @Carkeyfam: cLoWn
Tags (ignore) üò¥
#leagueoflegends #riot #lolplays #leagueoflegendsmemes #riven  #pentakill #zed #yasuo #outplay #summon‚Ä¶
j'arr√™te league of legends pour csgo ?
League of Legends characters to get good at or try really hard
* Azir
* Annie
* Anivia 
* Ezreal
* Lilia 
* Malzhar‚Ä¶ https://t.co/bYEmmHpDPp
@Xbox I was playing League of Legends Wild Rift in class
increible que en 13 a√±os que rito lleva dirigiendo league of legends no sean capaces de detectar el rage quit y el‚Ä¶ https://t.co/k46MydqSKt
RT @xRicoADK: As√≠ me siento cada partida de League of Legends https://t.co/shuXmNhC7D
RT @vampsoojn: . . . busco mutuals ‚ô°!! soy nueva en #animetwt #kpoptwt

‚Äî studio ghibli, evangelion, given, jjk, dororo, devilman, umibe no‚Ä¶
RT @xRicoADK: As√≠ me siento cada partida de League of Legends https://t.co/shuXmNhC7D
not me watching league of legends guides while cleaning my apartment
kurr be hallall vetes sja@boj qe me vetdeshire kom lujt league of legends 7-8 vjet
RT @OTKnetwork: Introducing our $25,000 League of Legends tournament Captains üèÜ

@REALMizkif 
@Sodapoppintv 
@LudwigAhgren 
@Thebuddha_3 
@‚Ä¶
RT @lauagnolin: üîª Con el descenso de Globant Emerald Team, tendremos solo 2 equipos del Sur en la LLA en 2023: Isurus y All Knight.

The Ki‚Ä¶
RT @gg_ahri: I log in to play one game of league of legends‚Ä¶ https://t.co/JmsQOssFd5
cLoWn
Tags (ignore) üò¥
#leagueoflegends #riot #lolplays #leagueoflegendsmemes #riven  #pentakill #zed #yasuo‚Ä¶ https://t.co/t2Ff6Tfq7p
6 jocs - 6 tags

-Hearts of iron IV
-Total war Warhammer 2
-The Witcher 3
-League of Legends
-Deep rock galactic
-M‚Ä¶ https://t.co/bA1jIz93rL
I am more and more conviced that #Halo fans dont deserve anything from 343, microsoft or Xbox. Like for real not ev‚Ä¶ https://t.co/rUfa6LMdWW
RT @xRicoADK: Los verdaderos League of Legends Players https://t.co/h9XPkCHNuR
RT @AnaelicCosplay: pov you meet a league of legends cosplayer at the food court https://t.co/Ri50D22MXy
@Bapt_dayre League of Legends
RT @JuiceMan_V: Nintendo stepped on the gas since January and they ain't even done yet:

Pok√©mon Legends
Triangle Strategy
Mario Strikers:‚Ä¶
RT @requieeeeeem: ¬øSab√≠as que Swain, campe√≥n de League of Legends, est√° inspirado en el actual Rey de Reino Unido Carlos III? https://t.co/‚Ä¶
RT @Dusty_NFT: Every time I take some NFT time during my day I just get super hyped about @BakedBeavers then play league of legends
RT @w1n7er_lol: Desinstalo o League of Legends
RT @xRicoADK: Los verdaderos League of Legends Players https://t.co/h9XPkCHNuR
ü•≥SE VIENE EL #Worlds2022 üèÜüî•

üëâEl 29 de septiembre comienza el play-in y ya est√°n confirmados los grupos de la nueva‚Ä¶ https://t.co/cQiHt0Xg2N
RT @AnaelicCosplay: pov you meet a league of legends cosplayer at the food court https://t.co/Ri50D22MXy
RT @Im_Row1: Live in a few minutes | League of legends ranked | Rank diamond 1 28 lp | https://t.co/Oqq1YrOxxi
#KOOPATROOP #TwitchAffliate‚Ä¶
RT @EsportsNIU: Huskie Gaming, our student club is competing the NEEC this year in five different titles (Rocket League, Overwatch, League‚Ä¶
@RMUPAEsports @neccgames @PNCBank @MTNDEWGaming @RMU @RMUCampusRec More league of legends! üòä
RT @Damian49817307: Vendo boletos para el Play in de League of Legends del dia viernes 30 de septiembre en el Artz Pedregal, ya que mi comp‚Ä¶
"Relaxing" Monday League Session | League of Legends https://t.co/gZdQVhjv8m
Liquid owner Steve Arhancet confirms ‚Äòthe roster will be different‚Äô for 2023 LCS season https://t.co/W6YvDo60gb
RT @OTKnetwork: Introducing our $25,000 League of Legends tournament Captains üèÜ

@REALMizkif 
@Sodapoppintv 
@LudwigAhgren 
@Thebuddha_3 
@‚Ä¶
@mingi_shi sim, n√≠vel da sua maestria com determinado campe√£o. mobile legends eu nunca joguei, s√≥ jogava league of‚Ä¶ https://t.co/0Z8zxfvOAI
RT @gg_ahri: I log in to play one game of league of legends‚Ä¶ https://t.co/JmsQOssFd5
RT @Skeanz_lol: Get the new Secretlab x League of Legends "Tilted" Emote

Follow @TeamVitality + @secretlabchairs 
Like &amp; RT this post
Draw‚Ä¶
RT @juanboscato: ‚ñ™Ô∏èEl venue elegido para el BLAST Paris Major 2023 es el Accor Arena

‚ñ™Ô∏èEs un recinto multiusos para tanto eventos deportiv‚Ä¶
RT @skelpesports: Introducing..

Skelp's League of Legends roster for SEL5!

@leon_kzix 
@Colsh25 
@Crainie19 
@pizzaballADC 
@coomecoom 
E‚Ä¶
RT @infobaeamerica: Isurus al grupo de la muerte: el Tibur√≥n ya conoce a sus rivales en el Mundial de League of Legends https://t.co/SIH6z6‚Ä¶
@JonathanDockery @MannyWASD @GoodGameKofi I'd argue that the bulk of the biggest 3rd party titles that casuals play‚Ä¶ https://t.co/6yCaPovQAp
gender envy of the day is: beta designs for Gwen from league of legends and also just Gwen herself https://t.co/WE3mdYKk4v
RT @Hobbyfiguras: Infinity Studio abre reservas de la figura de resina 1/6, dedicada al soberano Rey Arruinado, Viego, uno de los campeones‚Ä¶
RT @gg_ahri: I log in to play one game of league of legends‚Ä¶ https://t.co/JmsQOssFd5
RT @AnaelicCosplay: pov you meet a league of legends cosplayer at the food court https://t.co/Ri50D22MXy
Ayer tuve un mental break amigos, desde hoy me deshago de League of Legends for good, es un juego que si bien me gu‚Ä¶ https://t.co/5WguUPGtoz
Huskie Gaming, our student club is competing the NEEC this year in five different titles (Rocket League, Overwatch,‚Ä¶ https://t.co/IwUXIdzyvD
@hwoznhr league of legends too good
@GamerAdvantage All time? Gotta be league of legends!
RT @xRicoADK: Los verdaderos League of Legends Players https://t.co/h9XPkCHNuR
RT @Yonagalvao: who wants to play league of legends ? https://t.co/LmdKlhh9oc
RT @OTKnetwork: Introducing our $25,000 League of Legends tournament Captains üèÜ

@REALMizkif 
@Sodapoppintv 
@LudwigAhgren 
@Thebuddha_3 
@‚Ä¶
RT @OTKnetwork: Introducing our $25,000 League of Legends tournament Captains üèÜ

@REALMizkif 
@Sodapoppintv 
@LudwigAhgren 
@Thebuddha_3 
@‚Ä¶
@jayce_meowmeow @CyberRoxX1 I just guess I have to be careful with my new art now and not tag anything close to arcane or league of legends
RT @OTKnetwork: Introducing our $25,000 League of Legends tournament Captains üèÜ

@REALMizkif 
@Sodapoppintv 
@LudwigAhgren 
@Thebuddha_3 
@‚Ä¶
RT @Jesklaa: Try to win the new Secretlab x League of legends ‚ÄùTilted‚Äù Emote              Follow @TeamVitality + @secretlabchairs‚Ä¶
RT @NetflixFR: Chaque bonne id√©e semble un peu folle au d√©but. Et c'est comme √ßa que tout a commenc√© pour Arcane.

La s√©rie-docu ‚ÄúArcane :‚Ä¶
RT @DylanKujo2: League of Legends https://t.co/5xMtbsDRuq
@switzerlanCH League of legends
RT @wcsbike: Two legends; the end of an era. Great tribute üí™ #LaVuelta22  https://t.co/6fEeom7uYS
RT @NeckoLol: Los TikToks chinos de League of Legends no tienen ning√∫n sentido parte 11 https://t.co/1O5dVad0Sk
RT @LOUDgg: SOMOS OFICIALMENTE CAMPE√ïES DO CBLOL üëã

√â ISSO MESMO QUE VOC√ä LEU, DEU TUDO CERTO FAM√çLIA üôè

3-0 vs o time da ·µñ·µÉ·∂¶‚Åø e seremos Br‚Ä¶
6 Games I Like, 6 Tags

The Binding of Isaac
Ratchet &amp; Clank 
League of Legends
Inscrytion 
Undertale
Detriod: beco‚Ä¶ https://t.co/FD56AmXj8Z
Every time I take some NFT time during my day I just get super hyped about @BakedBeavers then play league of legends
RT @AnaelicCosplay: pov you meet a league of legends cosplayer at the food court https://t.co/Ri50D22MXy
Gear up for your favorite Esports Tournaments with Esports Certified to have the sickest re-certified gear in the g‚Ä¶ https://t.co/ynIu4w3uQt
RT @xRicoADK: Los verdaderos League of Legends Players https://t.co/h9XPkCHNuR
#funko POP Games: 05 League Of Legends, Jinx
Link-&gt;https://t.co/m3ztXo6aPQ
ATC-&gt;https://t.co/4JgzJUN4C3
20:14:40 20‚Ä¶ https://t.co/FHq1f9t2e2
RT @okanepresidente: @whyichii a ultima experiencia q eu tive foi algo em kkkkkkkkkkkkkkkk, o maior SOFT INT DA HISTORIA DO LEAGUE OF LEGEN‚Ä¶
RT @Fudgecakey: We came to Chicago for 4 days to play 82 minutes of League of Legends. Thanks for vacation @riotgames
Kayn y Akali del League of Legends https://t.co/djIsNPvtae
I rather enjoy League of Legends, don't you?
25.- srry xD, League of Legends, Madness project Nexus, terraria, Minecraft, etc.
RT @norafawn: arcane jinx vs league of legends jinx https://t.co/GQ3pzPAKy5
RT @Skeanz_lol: Get the new Secretlab x League of Legends "Tilted" Emote

Follow @TeamVitality + @secretlabchairs 
Like &amp; RT this post
Draw‚Ä¶
RT @OTKnetwork: Introducing our $25,000 League of Legends tournament Captains üèÜ

@REALMizkif 
@Sodapoppintv 
@LudwigAhgren 
@Thebuddha_3 
@‚Ä¶
RT @gg_ahri: I log in to play one game of league of legends‚Ä¶ https://t.co/JmsQOssFd5
RT @AnaelicCosplay: pov you meet a league of legends cosplayer at the food court https://t.co/Ri50D22MXy
RT @gg_ahri: I log in to play one game of league of legends‚Ä¶ https://t.co/JmsQOssFd5
RT @Im_Row1: 7Pm GMT+2 streaming League of legends ranked | Ezmaster incoming | Rank diamond 1 29lp https://t.co/s25Sa0sMWg
#KOOPATROOP #Tw‚Ä¶
RT @xRicoADK: Los verdaderos League of Legends Players https://t.co/h9XPkCHNuR
RT @OTKnetwork: Introducing our $25,000 League of Legends tournament Captains üèÜ

@REALMizkif 
@Sodapoppintv 
@LudwigAhgren 
@Thebuddha_3 
@‚Ä¶
@jayce_meowmeow @That_One_Andy Also seems like they have been on a "take-down spree" on RedBubble, I tried to searc‚Ä¶ https://t.co/gkiFXRMZQj
RT @gg_ahri: I log in to play one game of league of legends‚Ä¶ https://t.co/JmsQOssFd5
Tomorrow at 7PM CST. I'm relapsing. I'll be playing League of Legends again.

Pray for me.
RT @xRicoADK: Los verdaderos League of Legends Players https://t.co/h9XPkCHNuR
RT @gaming_troop: üéÆTorneo de Super Smash Bros. Ultimate e de League of Legends con m√°is de 600‚Ç¨ de premio, e moitos m√°is xogos!
üöóüï∂Ô∏è Zona de‚Ä¶
pimeiro dia do ano que eu me diverti jogando league of legends
in√©dito https://t.co/4H16RuMk10
RT @NicolasBinting: That was a series of league of legends‚Ä¶.
RT @xRicoADK: Los verdaderos League of Legends Players https://t.co/h9XPkCHNuR
RT @MercedesAMGF1BR: Mercedes-Benz ‚úñÔ∏è League of Legends! üî•

A MBdesign criou juntamente com a Riot Games o Championship Ring para o Campeon‚Ä¶
RT @Revakarian: Mujer?
Que es? Un nuevo campe√≥n de league of legends?
League of Legends
https://t.co/R9UnlnMLlI
RT @gg_ahri: I log in to play one game of league of legends‚Ä¶ https://t.co/JmsQOssFd5
Disney Star Acquires Broadcast Rights Of Season 2 Of Legends League Cricket In India https://t.co/xOiL7x8nrd https://t.co/JhZzDTVhIH
RT @OTKnetwork: Introducing our $25,000 League of Legends tournament Captains üèÜ

@REALMizkif 
@Sodapoppintv 
@LudwigAhgren 
@Thebuddha_3 
@‚Ä¶
Gringo rindo no twitter eh tp:
Limao
Ou
league of legends

Br eh tp:
Movimento supremacista branco norte americano‚Ä¶ https://t.co/CMq02Wcjic
RT @xRicoADK: As√≠ me siento cada partida de League of Legends https://t.co/shuXmNhC7D
RT @MercedesAMGF1BR: Mercedes-Benz ‚úñÔ∏è League of Legends! üî•

A MBdesign criou juntamente com a Riot Games o Championship Ring para o Campeon‚Ä¶
RT @RIRIT_cos: Î¶¨Í∑∏Ïò§Î∏åÎ†àÏ†ÑÎìú(League Of Legends)
ÏòÅÌòºÏùòÍΩÉÏöîÎÑ§(Spiritblossom Yone)

cos - RIT

Photo - ÎÖπÌÑ¥Îãò

#Î°§ #ÏöîÎÑ§ #ÏòÅÌòºÏùòÍΩÉ #ÏΩîÏä§ÌîÑÎ†à #ÎùºÏù¥ÏóáÍ≤åÏûÑ #„Çà„Å≠ #„Ç≥„Çπ„Éó„É¨
#LOL #yon‚Ä¶
RT @OTKnetwork: Introducing our $25,000 League of Legends tournament Captains üèÜ

@REALMizkif 
@Sodapoppintv 
@LudwigAhgren 
@Thebuddha_3 
@‚Ä¶
Mercedes-Benz ‚úñÔ∏è League of Legends! üî•

A MBdesign criou juntamente com a Riot Games o Championship Ring para o Camp‚Ä¶ https://t.co/AjtMDOX8QC
Google search: I gave my unit leader my league of legends password and the very next day my account disappeared???
RT @ashirrana786: #eimiko inspired by League of Legends K/DA (I wanted to draw Miko with Evelynn's clothes, don't judge me üëÄ) https://t.co/‚Ä¶
RT @Yonagalvao: who wants to play league of legends ? https://t.co/LmdKlhh9oc
RT @AnaelicCosplay: pov you meet a league of legends cosplayer at the food court https://t.co/Ri50D22MXy
Second Research: @SparkadiaGG (raised a $3m seed round)

Gamefi Ecosystem (#gala #pyr competitor)

Team AAA vets th‚Ä¶ https://t.co/kshMiEk60m
RT @OTKnetwork: Introducing our $25,000 League of Legends tournament Captains üèÜ

@REALMizkif 
@Sodapoppintv 
@LudwigAhgren 
@Thebuddha_3 
@‚Ä¶
@MarywoodEsports Definitely not League of Legends üò≥
League of Legends vs. Genshin Impact
@Bowblax Why r there whores Ib my league of legends !?
RT @mchlboshi: Just out here playing League Of Legends Wild Rift at work because my give af meter is in the negative today. Lol
‚ú® Likely Cosplans ‚ú®
Cerebus (sunsetdragon design) - Hades
Shardtail Queen - Monster Train
Mameeekueya!Snubbull - Po‚Ä¶ https://t.co/HK3DvnO2OQ
‚ú® Certain Cosplans ‚ú®
Angel Kyoko - Skip Beat
Lum - Urusei Yatsura
Star Guardian Soraka - League of Legends
League o‚Ä¶ https://t.co/t4NpPGot0O
Lakeshore's Esports team is recruiting League of Legends players of any skill level for the team. To be eligible, p‚Ä¶ https://t.co/Cy9GSn4BxY
Kayn el m√°s lindo de league of legends
RT @OTKnetwork: Introducing our $25,000 League of Legends tournament Captains üèÜ

@REALMizkif 
@Sodapoppintv 
@LudwigAhgren 
@Thebuddha_3 
@‚Ä¶
RT @Esport_Voltage: Derni√®re semaine d‚Äôinscription pour la #LOV League of Legends !

üéü 50‚Ç¨ par √©quipe*
üí∞ (La totalit√© des inscriptions sero‚Ä¶
RT @flaxxish: how long until league of legends dies? dont get me wrong i love league its a fun game, but riot are so boring man. no new con‚Ä¶
RT @OTKnetwork: Introducing our $25,000 League of Legends tournament Captains üèÜ

@REALMizkif 
@Sodapoppintv 
@LudwigAhgren 
@Thebuddha_3 
@‚Ä¶
RT @xRicoADK: Los verdaderos League of Legends Players https://t.co/h9XPkCHNuR
RT @AnaelicCosplay: pov you meet a league of legends cosplayer at the food court https://t.co/Ri50D22MXy
@louisa_kbh @RebeuDeter J'interviens dans la discussion pour te demander ton snap jfait sa rarement mais ta vu chui‚Ä¶ https://t.co/YWgrKmlKtv
RT @OTKnetwork: Introducing our $25,000 League of Legends tournament Captains üèÜ

@REALMizkif 
@Sodapoppintv 
@LudwigAhgren 
@Thebuddha_3 
@‚Ä¶
@DumbsYT Tiens... @LoThibaut toi qui joue a League of legends tu peux m'expliquer s'il te pla√Æt ? Merci d'avance !
RT @setonhill: Happy #NationalVideoGamesDay! üéÆ

Our coed, varsity Esports team is ready to compete this fall in games including Overwatch,‚Ä¶
RT @Caxose_: Estou procurando um time do cblol para tentar criar, melhorar e desenvolver uma comunidade de league of legends.
Rts e curtida‚Ä¶
RT @JuiceMan_V: Nintendo stepped on the gas since January and they ain't even done yet:

Pok√©mon Legends
Triangle Strategy
Mario Strikers:‚Ä¶
RT @xRicoADK: Los verdaderos League of Legends Players https://t.co/h9XPkCHNuR
RT @gg_ahri: I log in to play one game of league of legends‚Ä¶ https://t.co/JmsQOssFd5
forgive me imma play league of legends for the first time. https://t.co/AEFAQV69FZ
RT @Skeanz_lol: Get the new Secretlab x League of Legends "Tilted" Emote

Follow @TeamVitality + @secretlabchairs 
Like &amp; RT this post
Draw‚Ä¶
RT @MKULTRA999: joguei um league of legends https://t.co/KAzeM1X78d
@Perezguionhuet Esto y el League of Legends de mis peores errores
Menos mal que me desintoxiqu√©
RT @norafawn: arcane jinx vs league of legends jinx https://t.co/GQ3pzPAKy5
falmotv esta On Fire! Jugando a League of Legends: LOL | La Chancla League | Semana 2 Dia 1 | LDQ vs TKN + VLH vs F‚Ä¶ https://t.co/4y0wElfGKG
RT @_Eillax: Breaking up with a League of Legends player üòî https://t.co/kYvSloz8AN
RT @gg_ahri: I log in to play one game of league of legends‚Ä¶ https://t.co/JmsQOssFd5
@eujuliovictor League of Legends &gt;&gt;&gt;&gt;
@sadekapicoollu benim league of legends ser√ºveni
To my fans, thank you , from the botttom of my heart THANK YOU FOR SEEING ME AND GIVING ME VISIBILITY. 

Thank you‚Ä¶ https://t.co/pRLjAQg5U5
League of Legends:
Voc√™ perde os games que vc perde e Voc√™ perde os game que voc√™ ganha
RT @xRicoADK: As√≠ me siento cada partida de League of Legends https://t.co/shuXmNhC7D
RT @xRicoADK: League of Legends cambia a la gente https://t.co/SAqs69nqJu
RT @sapphicsOTD: the sun x moon sapphics of the day are leona and diana from league of legends (LOL) ! https://t.co/gzccbQCCGZ
RT @BigBenVa1: Hey Voice Actors,

Do any of you guys play League of Legends? What do you main?
RT @shikaichi89: #chilumi 
Magical Girl AU where Lumine and her friends are Star Guardians (yeah, the ones from League of Legends) and she‚Ä¶
RT @Noerdguz: DEJO LEAGUE OF LEGENDS

esto se debe a que recientemente he perdido la virginidad, y como consecuencia no pertenezco a este g‚Ä¶
League of Legends
Detroit become Human
Edna bricht aus
Harvey's neue Augen
Deponia Trilogie
Fire Emblem Three Houses https://t.co/W5k44BOTNO
RT @norafawn: arcane jinx vs league of legends jinx https://t.co/GQ3pzPAKy5
RT @AnaelicCosplay: pov you meet a league of legends cosplayer at the food court https://t.co/Ri50D22MXy
#chilumi 
Magical Girl AU where Lumine and her friends are Star Guardians (yeah, the ones from League of Legends) a‚Ä¶ https://t.co/BRmThL6RZE
RT @SzygendaLoL: Here‚Äôs your chance to win an Exclusive Secretlab x League of Legends "Tilted" Emote Add: 
Add: Follow 
@TeamVitality
 + 
@‚Ä¶
das entspannende videospiel league of legends
RT @forsapphic: leona and diana from league of legends https://t.co/Gm1gtbEoYR
@JeffMcBiceps Toxicity is meant for city sewer lines and League of Legends. We‚Äôll do our best to keep twitter more chill xD
RT @LifeCycles7: @Rogue White death of league of legends
RT @megabethbob: League of Legends players are so insistent that size doesn't matter until it comes to a cosplay contest ü§î
oh wow i wonder why no one likes tweets about league of legends
RT @xRicoADK: As√≠ me siento cada partida de League of Legends https://t.co/shuXmNhC7D
@redferner Mon avis est que je jouais mieux √† league of legends apr√®s l'extraction
RT @gaming_troop: üéÆTorneo de Super Smash Bros. Ultimate e de League of Legends con m√°is de 600‚Ç¨ de premio, e moitos m√°is xogos!
üöóüï∂Ô∏è Zona de‚Ä¶
RT @xRicoADK: Los verdaderos League of Legends Players https://t.co/h9XPkCHNuR
RT @AnaelicCosplay: pov you meet a league of legends cosplayer at the food court https://t.co/Ri50D22MXy
RT @xRicoADK: Los verdaderos League of Legends Players https://t.co/h9XPkCHNuR
RT @AnaelicCosplay: pov you meet a league of legends cosplayer at the food court https://t.co/Ri50D22MXy
RT @Nekara_Waruaku: 9/13 Êúù6:00~

13Êó•„ÅÆÁÅ´ÊõúÊó•„Åß„Åô„ÄÄ„Å§„Åæ„Çä„ÄÄÈáëÊõúÊó•„Åß„Åô„ÄÄÊÇ™Â§¢

„ÄêLoL/League of Legends„ÄëËµ∑„Åç„Çå„Å™„Åã„Å£„Åü„ÇâÂç≥ÂªÉÈÉ®ÔºÅÊó©ÊúùaramÈÉ®„ÄÄ13Êó•ÁõÆ„ÄêÊ†πÁ©∫ÊÇ™ÊÇ™„Äë

ÂæÖÊ©üÊâÄ https://t.co/eT2eqiwKTV‚Ä¶
RT @gg_ahri: I log in to play one game of league of legends‚Ä¶ https://t.co/JmsQOssFd5
FALSE
FALSE
FALSE
FALSE
FALSE
FALSE
FALSE
FALSE
FALSE
FALSE
FALSE
FALSE
FALSE
FALSE
FALSE
FALSE
FALSE
FALSE
FALSE
FALSE
FALSE
FALSE
FALSE
FALSE
FALSE
FALSE
FALSE
FALSE
FALSE
FALSE
FALSE
FALSE
FALSE
FALSE
FALSE
FALSE
FALSE
FALSE
FALSE
FALSE
FALSE
FALSE
FALSE
FALSE
FALSE
FALSE
FALSE
FALSE
FALSE
FALSE
FALSE
FALSE
FALSE
FALSE
FALSE
FALSE
FALSE
FALSE
FALSE
FALSE
FALSE
FALSE
FALSE
FALSE
FALSE
FALSE
FALSE
FALSE
FALSE
FALSE
FALSE
FALSE
FALSE
FALSE
FALSE
FALSE
FALSE
FALSE
FALSE
FALSE
FALSE
FALSE
FALSE
FALSE
FALSE
FALSE
FALSE
FALSE
FALSE
FALSE
FALSE
FALSE
FALSE
FALSE
FALSE
FALSE
FALSE
FALSE
FALSE
FALSE
FALSE
FALSE
FALSE
FALSE
FALSE
FALSE
FALSE
FALSE
FALSE
FALSE
FALSE
FALSE
FALSE
FALSE
FALSE
FALSE
FALSE
FALSE
FALSE
FALSE
FALSE
FALSE
FALSE
FALSE
FALSE
FALSE
FALSE
FALSE
FALSE
FALSE
FALSE
FALSE
FALSE
FALSE
FALSE
FALSE
FALSE
FALSE
FALSE
FALSE
FALSE
FALSE
FALSE
FALSE
FALSE
FALSE
FALSE
FALSE
FALSE
FALSE
FALSE
FALSE
FALSE
FALSE
FALSE
FALSE
FALSE
FALSE
FALSE
FALSE
FALSE
FALSE
FALSE
FALSE
FALSE
FALSE
FALSE
FALSE
FALSE
FALSE
FALSE
FALSE
FALSE
FALSE
FALSE
FALSE
FALSE
FALSE
FALSE
FALSE
FALSE
FALSE
FALSE
FALSE
FALSE
FALSE
FALSE
FALSE
FALSE
FALSE
FALSE
FALSE
FALSE
FALSE
FALSE
FALSE
FALSE
FALSE
FALSE
FALSE
FALSE
FALSE
FALSE
FALSE
FALSE
FALSE
FALSE
FALSE
FALSE
FALSE
FALSE
FALSE
FALSE
FALSE
FALSE
FALSE
FALSE
FALSE
FALSE
FALSE
FALSE
FALSE
FALSE
FALSE
FALSE
FALSE
FALSE
FALSE
FALSE
FALSE
FALSE
FALSE
FALSE
FALSE
FALSE
FALSE
FALSE
FALSE
FALSE
FALSE
FALSE
FALSE
FALSE
FALSE
FALSE
FALSE
FALSE
FALSE
FALSE
FALSE
0
0
0
0
0
0
0
2
0
0
4
0
0
0
0
0
0
0
1
3
0
0
0
0
0
2
0
0
3
2
0
0
0
0
0
0
0
0
1
0
2
0
0
67
4
0
0
0
3
0
0
2
1
2
0
0
0
4
0
0
0
0
0
0
0
0
1
0
1
2
0
0
0
0
0
4
0
0
0
0
0
0
1
0
1
0
0
0
0
0
0
1
1
0
0
0
5
1
0
0
0
1
0
0
0
0
0
8
0
0
0
0
0
1
14
0
0
0
0
0
0
0
0
2
0
0
0
0
3
1
0
0
0
0
0
1
0
0
0
0
0
0
0
0
0
2
0
0
0
0
0
0
0
0
4
0
0
0
0
0
0
0
0
0
2
0
1
0
0
1
0
0
0
0
0
0
0
0
0
0
0
0
0
64
0
0
0
0
0
0
1
0
0
0
0
0
1
1
0
0
0
0
0
0
0
0
0
0
0
0
0
0
1
0
0
4
0
1
0
0
33
2
0
0
0
0
0
0
0
0
6
0
0
4
0
8
0
1
0
0
2
0
0
0
0
0
0
0
0
0
NA
AustinCreedWins
NA
NA
3Nok_
NA
NA
blueshakerato
luis_rr99
NA
NA
ItsJimC
NA
venkshen
NA
NA
NA
NA
NA
NA
NA
NA
NA
NA
NA
Veigar_v2
NA
NA
NA
NA
NA
NA
NA
DuolingoBrasil
NA
NA
NA
NA
NA
NA
BeelzebubTV
NA
kelosaurusTTV
OTKnetwork
NA
NA
NA
NA
NA
NA
NA
NA
NA
hacklauch
NA
NA
NA
NA
NA
NA
KCmarlon_
NA
NA
NA
NA
NA
NA
NA
NA
Xenogenic
NA
NA
NA
NA
venkshen
NA
NA
EricSheffieldVO
NA
tvnkth
Cheezy_UNI
NA
vol3ar
NA
NA
NA
Xbox
NA
NA
NA
NA
NA
NA
NA
NA
NA
NA
NA
NA
NA
NA
Bapt_dayre
NA
NA
NA
NA
NA
NA
NA
NA
NA
RMUPAEsports
NA
NA
NA
NA
mingi_shi
NA
NA
NA
NA
NA
JonathanDockery
NA
NA
NA
NA
NA
NA
hwoznhr
GamerAdvantage
NA
NA
NA
NA
jayce_meowmeow
NA
NA
NA
NA
switzerlanCH
NA
NA
NA
NA
NA
NA
NA
NA
NA
NA
NA
NA
NA
PumpkPrince_ss
NA
NA
NA
NA
NA
NA
NA
NA
NA
jayce_meowmeow
NA
NA
NA
NA
NA
NA
NA
NA
NA
NA
NA
NA
NA
NA
NA
NA
NA
NA
NA
NA
NA
NA
NA
thehiddenmaze
NA
MarywoodEsports
WitheredAria
Bowblax
NA
chishacos
chishacos
NA
NA
NA
NA
NA
NA
NA
NA
louisa_kbh
NA
DumbsYT
NA
NA
NA
NA
NA
NA
NA
NA
Perezguionhuet
NA
NA
NA
NA
eujuliovictor
sadekapicoollu
mhcosplaydesign
NA
NA
NA
NA
NA
NA
NA
NA
NA
NA
NA
NA
NA
NA
JeffMcBiceps
NA
NA
71thium
NA
redferner
NA
NA
NA
NA
NA
NA
NA
1663016686
1663016593
1663016546
1663016531
1663016525
1663016519
1663016497
1663016483
1663016479
1663016438
1663016430
1663016411
1663016398
1663016394
1663016346
1663016277
1663016264
1663016260
1663016229
1663016196
1663016188
1663016167
1663016163
1663016159
1663016114
1663016090
1663016085
1663016067
1663016055
1663016052
1663016040
1663015989
1663015974
1663015906
1663015904
1663015904
1663015881
1663015843
1663015843
1663015828
1663015770
1663015748
1663015728
1663015724
1663015707
1663015690
1663015684
1663015623
1663015601
1663015572
1663015561
1663015504
1663015501
1663015484
1663015482
1663015442
1663015418
1663015405
1663015401
1663015396
1663015392
1663015379
1663015324
1663015321
1663015289
1663015250
1663015234
1663015201
1663015190
1663015187
1663015124
1663015103
1663015096
1663015092
1663015006
1663014974
1663014974
1663014957
1663014953
1663014933
1663014912
1663014892
1663014875
1663014874
1663014843
1663014837
1663014795
1663014763
1663014704
1663014698
1663014686
1663014643
1663014631
1663014622
1663014599
1663014562
1663014529
1663014519
1663014518
1663014503
1663014495
1663014469
1663014433
1663014419
1663014414
1663014409
1663014384
1663014376
1663014376
1663014356
1663014331
1663014330
1663014316
1663014311
1663014303
1663014267
1663014233
1663014230
1663014209
1663014208
1663014175
1663014172
1663014101
1663014096
1663014043
1663014038
1663014002
1663013998
1663013970
1663013942
1663013929
1663013907
1663013860
1663013846
1663013838
1663013821
1663013812
1663013811
1663013810
1663013809
1663013803
1663013798
1663013750
1663013744
1663013739
1663013735
1663013708
1663013705
1663013690
1663013680
1663013664
1663013663
1663013662
1663013638
1663013637
1663013628
1663013560
1663013538
1663013496
1663013480
1663013463
1663013443
1663013441
1663013433
1663013429
1663013416
1663013408
1663013399
1663013398
1663013394
1663013385
1663013384
1663013369
1663013359
1663013356
1663013338
1663013315
1663013300
1663013287
1663013280
1663013267
1663013260
1663013245
1663013237
1663013225
1663013214
1663013204
1663013198
1663013164
1663013146
1663013140
1663013123
1663013107
1663013079
1663013074
1663013074
1663013072
1663013045
1663013034
1663013022
1663012988
1663012987
1663012984
1663012978
1663012973
1663012964
1663012933
1663012910
1663012894
1663012872
1663012869
1663012862
1663012816
1663012816
1663012815
1663012799
1663012793
1663012791
1663012779
1663012775
1663012759
1663012753
1663012747
1663012732
1663012721
1663012721
1663012703
1663012692
1663012681
1663012664
1663012661
1663012653
1663012631
1663012628
1663012613
1663012589
1663012588
1663012546
1663012545
1663012528
1663012507
1663012507
1663012474
1663012456
1663012429
1663012418
1663012414
1663012410
1663012366
1663012363
FALSE
TRUE
FALSE
FALSE
FALSE
FALSE
FALSE
TRUE
TRUE
FALSE
FALSE
TRUE
FALSE
FALSE
FALSE
FALSE
FALSE
FALSE
TRUE
TRUE
FALSE
FALSE
TRUE
FALSE
FALSE
TRUE
FALSE
TRUE
TRUE
TRUE
FALSE
FALSE
FALSE
FALSE
FALSE
FALSE
TRUE
FALSE
TRUE
FALSE
FALSE
FALSE
TRUE
FALSE
FALSE
FALSE
FALSE
FALSE
FALSE
FALSE
FALSE
FALSE
FALSE
FALSE
FALSE
FALSE
FALSE
FALSE
FALSE
FALSE
TRUE
FALSE
FALSE
FALSE
TRUE
FALSE
FALSE
FALSE
FALSE
TRUE
FALSE
FALSE
FALSE
FALSE
FALSE
TRUE
FALSE
FALSE
FALSE
FALSE
FALSE
FALSE
FALSE
FALSE
FALSE
TRUE
FALSE
TRUE
FALSE
FALSE
FALSE
FALSE
FALSE
FALSE
FALSE
FALSE
TRUE
TRUE
TRUE
FALSE
FALSE
FALSE
FALSE
FALSE
FALSE
FALSE
FALSE
TRUE
FALSE
FALSE
FALSE
FALSE
FALSE
FALSE
FALSE
FALSE
TRUE
FALSE
FALSE
FALSE
FALSE
FALSE
TRUE
FALSE
FALSE
FALSE
FALSE
TRUE
TRUE
FALSE
FALSE
FALSE
FALSE
FALSE
FALSE
FALSE
FALSE
FALSE
FALSE
FALSE
FALSE
FALSE
FALSE
FALSE
TRUE
FALSE
FALSE
TRUE
FALSE
TRUE
FALSE
FALSE
FALSE
FALSE
FALSE
FALSE
FALSE
FALSE
FALSE
FALSE
FALSE
FALSE
FALSE
FALSE
TRUE
FALSE
FALSE
FALSE
FALSE
FALSE
FALSE
FALSE
FALSE
FALSE
FALSE
FALSE
FALSE
FALSE
TRUE
FALSE
FALSE
FALSE
FALSE
TRUE
FALSE
FALSE
FALSE
FALSE
TRUE
FALSE
FALSE
FALSE
FALSE
FALSE
TRUE
TRUE
TRUE
FALSE
FALSE
FALSE
FALSE
FALSE
FALSE
FALSE
TRUE
FALSE
FALSE
FALSE
FALSE
FALSE
FALSE
FALSE
FALSE
FALSE
FALSE
FALSE
FALSE
TRUE
FALSE
FALSE
FALSE
FALSE
TRUE
FALSE
FALSE
FALSE
FALSE
FALSE
FALSE
FALSE
FALSE
FALSE
FALSE
TRUE
FALSE
FALSE
FALSE
FALSE
FALSE
FALSE
FALSE
FALSE
FALSE
FALSE
FALSE
FALSE
FALSE
FALSE
FALSE
FALSE
NA
1569427476979544065
NA
NA
1569403411895918592
NA
NA
1569430043558039552
1569429225584885760
NA
NA
1569424653709369349
NA
1569419069140377606
NA
NA
NA
NA
NA
NA
NA
NA
NA
NA
NA
1569425731607842816
NA
NA
NA
NA
NA
NA
NA
1569427126628909056
NA
NA
NA
NA
NA
NA
1569425207713988618
NA
1569369936212144128
1569419860089733121
NA
NA
NA
NA
NA
NA
NA
NA
NA
1569426396052656130
NA
NA
NA
NA
NA
NA
1569424012979183617
NA
NA
NA
NA
NA
NA
NA
NA
1569424582096093184
NA
NA
NA
NA
1569419069140377606
NA
NA
1569424151106011138
NA
1569424326037803010
1569349063992135685
NA
1569423939104899075
NA
NA
NA
1569340248827494404
NA
NA
NA
NA
NA
NA
NA
NA
NA
NA
NA
NA
NA
NA
1569422427641315331
NA
NA
NA
NA
NA
NA
NA
NA
NA
1569363698124193794
NA
NA
NA
NA
1569414324325588996
NA
NA
NA
NA
NA
1569407853047255042
NA
NA
NA
NA
NA
NA
1569417629873455104
1569406848343719936
NA
NA
NA
NA
1569419511148814336
NA
NA
NA
NA
1567765418319691777
NA
NA
NA
NA
NA
NA
NA
NA
NA
NA
NA
NA
NA
1568419222958800897
NA
NA
NA
NA
NA
NA
NA
NA
NA
1569416998467018753
NA
NA
NA
NA
NA
NA
NA
NA
NA
NA
NA
NA
NA
NA
NA
NA
NA
NA
NA
NA
NA
NA
NA
1569417076405575686
NA
1569405610675806210
1569416903118012418
1569404744636182538
NA
1569416699602178051
1569416698201276417
NA
NA
NA
NA
NA
NA
NA
NA
1569384021171359747
NA
1569254816353845248
NA
NA
NA
NA
NA
NA
NA
NA
1569399934830403586
NA
NA
NA
NA
1569410188137873417
1569414025565323266
1569415328894951425
NA
NA
NA
NA
NA
NA
NA
NA
NA
NA
NA
NA
NA
NA
1569409482257481729
NA
NA
1569414274195558401
NA
1569413846569197569
NA
NA
NA
NA
NA
NA
NA
1569431851395325952
1569431458833485826
1569431264469417984
1569431200636207104
1569431176749670400
1569431150564880385
1569431058461892619
1569430999246716928
1569430982712860673
1569430812101169153
1569430776931913729
1569430696648929281
1569430640860270593
1569430624804474882
1569430424266604544
1569430135341985793
1569430079075147778
1569430065552695297
1569429934354882560
1569429794298761216
1569429760874528773
1569429672676540423
1569429655937232897
1569429641714368512
1569429450143694849
1569429351799586816
1569429331100958751
1569429253166624773
1569429204529291267
1569429190394662912
1569429140729901056
1569428926887510018
1569428863716921345
1569428579569606659
1569428570912559110
1569428568819781632
1569428476158959618
1569428316259581953
1569428316158926849
1569428250413113344
1569428010323050497
1569427918002192385
1569427832031571968
1569427815728291840
1569427744378986497
1569427671918039042
1569427646987091969
1569427391818223637
1569427300558553090
1569427177074225152
1569427132404879364
1569426891081240576
1569426880868253696
1569426807904153601
1569426802744885249
1569426632569389056
1569426533390979074
1569426477560594435
1569426460020215808
1569426441179222019
1569426423953203209
1569426368416436228
1569426137738100741
1569426126790922247
1569425989981044736
1569425826914910212
1569425759403384833
1569425624095137792
1569425574895943682
1569425564863193089
1569425297782587395
1569425212633907201
1569425183697412101
1569425165045624832
1569424805346136067
1569424671455514624
1569424670042079240
1569424597656948737
1569424581122826242
1569424498490855425
1569424410808881154
1569424324049702925
1569424253698596865
1569424249294569472
1569424122068738048
1569424095808290823
1569423918229852166
1569423784209178625
1569423538469195778
1569423514142220291
1569423460673126400
1569423279835828226
1569423232737894401
1569423193282158594
1569423097140330499
1569422943188389891
1569422804386209798
1569422761289814016
1569422758794199042
1569422694751297537
1569422660110630913
1569422552828616705
1569422402425167872
1569422340366241799
1569422320229564416
1569422298821582850
1569422193771134976
1569422163068739586
1569422162116886529
1569422079614717958
1569421974207692806
1569421967350009857
1569421910563340291
1569421887368724481
1569421856134012929
1569421704681627648
1569421561932746754
1569421549203066882
1569421459746963456
1569421456446033927
1569421317061095424
1569421304712908802
1569421008255213573
1569420989217267713
1569420763979038721
1569420745796616192
1569420595036577792
1569420575914983424
1569420460420390913
1569420342090686464
1569420286977531904
1569420195231309825
1569419997339951107
1569419939634884608
1569419907074244608
1569419833590284288
1569419796873383936
1569419792418758662
1569419786961969154
1569419783233224705
1569419756947529735
1569419738383810561
1569419537535082499
1569419510431584260
1569419490403688449
1569419473936842752
1569419358627336192
1569419346933334016
1569419282630557696
1569419242201554947
1569419176263155712
1569419171569582081
1569419165965885448
1569419067190317056
1569419061922091010
1569419024861220868
1569418739573051400
1569418647193456640
1569418470776836097
1569418404553007111
1569418331714916352
1569418248323735552
1569418241881022466
1569418206443409408
1569418188672192513
1569418133802303491
1569418103146119168
1569418063824539655
1569418059986735105
1569418045126230018
1569418006744408064
1569418001102897152
1569417939555700737
1569417897780322305
1569417883087941633
1569417806915031045
1569417710655651841
1569417649053999113
1569417593412280321
1569417564622671874
1569417512185462785
1569417479231016961
1569417418103050240
1569417385894977536
1569417332929499136
1569417287995727879
1569417247768158210
1569417219901210626
1569417079073169408
1569417003680632835
1569416976128249860
1569416906553040897
1569416838332977152
1569416721303277570
1569416701250502656
1569416699602178051
1569416692349997057
1569416580143976451
1569416534895755264
1569416480927715335
1569416339239870471
1569416337838981120
1569416321560879106
1569416300186972160
1569416276954464256
1569416240128475138
1569416110172241921
1569416012239458312
1569415943847088128
1569415855691399169
1569415840025436160
1569415812435386369
1569415617362509824
1569415617349828608
1569415613923172354
1569415548672393216
1569415523447750663
1569415511800160256
1569415464563900420
1569415448214622210
1569415378853314563
1569415355092672513
1569415331143196672
1569415268203372544
1569415221071978496
1569415218417078273
1569415143129288704
1569415100682870784
1569415050552557573
1569414979484360706
1569414969942315008
1569414933736980480
1569414843949522946
1569414831966502913
1569414767667724293
1569414665075056643
1569414661178531844
1569414486129537025
1569414480337203201
1569414412557074439
1569414322954334208
1569414321549053960
1569414184365948934
1569414110072258560
1569413996939198466
1569413950504042497
1569413931105505280
1569413916358213632
1569413729804255232
1569413717892415490
NA
41284429
NA
NA
73576587
NA
NA
1466359810513936384
1885077643
NA
NA
154344267
NA
882620363070476288
NA
NA
NA
NA
NA
NA
NA
NA
NA
NA
NA
1121880308092153858
NA
NA
NA
NA
NA
NA
NA
1303722329428680705
NA
NA
NA
NA
NA
NA
1253537260567498752
NA
1269195109284712456
1310888946826608640
NA
NA
NA
NA
NA
NA
NA
NA
NA
2315895048
NA
NA
NA
NA
NA
NA
1215520581489217536
NA
NA
NA
NA
NA
NA
NA
NA
15829538
NA
NA
NA
NA
882620363070476288
NA
NA
1391667184833867778
NA
34618846
2664379597
NA
1549005205353775104
NA
NA
NA
24742040
NA
NA
NA
NA
NA
NA
NA
NA
NA
NA
NA
NA
NA
NA
1548687708503130112
NA
NA
NA
NA
NA
NA
NA
NA
NA
1084552609304858625
NA
NA
NA
NA
1329900467300806656
NA
NA
NA
NA
NA
620222144
NA
NA
NA
NA
NA
NA
1522582345261457409
1040335887131992064
NA
NA
NA
NA
1513200588422529037
NA
NA
NA
NA
3353025808
NA
NA
NA
NA
NA
NA
NA
NA
NA
NA
NA
NA
NA
1496672212627116032
NA
NA
NA
NA
NA
NA
NA
NA
NA
1513200588422529037
NA
NA
NA
NA
NA
NA
NA
NA
NA
NA
NA
NA
NA
NA
NA
NA
NA
NA
NA
NA
NA
NA
NA
1225844673434046466
NA
1363920545344073736
1203499078388199426
265628902
NA
1488401133227835393
1488401133227835393
NA
NA
NA
NA
NA
NA
NA
NA
1127248008842817538
NA
2212921662
NA
NA
NA
NA
NA
NA
NA
NA
925067831040933888
NA
NA
NA
NA
72208248
1273557870076989441
1079603277078122496
NA
NA
NA
NA
NA
NA
NA
NA
NA
NA
NA
NA
NA
NA
1335044843593232384
NA
NA
935345968156778497
NA
1257535678293831684
NA
NA
NA
NA
NA
NA
NA
<a href="http://twitter.com/download/iphone" rel="nofollow">Twitter for iPhone</a>
<a href="http://twitter.com/download/android" rel="nofollow">Twitter for Android</a>
<a href="https://mobile.twitter.com" rel="nofollow">Twitter Web App</a>
<a href="http://twitter.com/download/android" rel="nofollow">Twitter for Android</a>
<a href="https://mobile.twitter.com" rel="nofollow">Twitter Web App</a>
<a href="http://twitter.com/download/iphone" rel="nofollow">Twitter for iPhone</a>
<a href="http://twitter.com/download/android" rel="nofollow">Twitter for Android</a>
<a href="https://mobile.twitter.com" rel="nofollow">Twitter Web App</a>
<a href="https://mobile.twitter.com" rel="nofollow">Twitter Web App</a>
<a href="https://mobile.twitter.com" rel="nofollow">Twitter Web App</a>
<a href="https://studio.twitter.com" rel="nofollow">Twitter Media Studio</a>
<a href="https://mobile.twitter.com" rel="nofollow">Twitter Web App</a>
<a href="http://twitter.com/download/android" rel="nofollow">Twitter for Android</a>
<a href="https://mobile.twitter.com" rel="nofollow">Twitter Web App</a>
<a href="https://mobile.twitter.com" rel="nofollow">Twitter Web App</a>
<a href="https://mobile.twitter.com" rel="nofollow">Twitter Web App</a>
<a href="http://twitter.com/download/android" rel="nofollow">Twitter for Android</a>
<a href="http://twitter.com/download/android" rel="nofollow">Twitter for Android</a>
<a href="https://streamlabs.com" rel="nofollow">Streamlabs Twitter</a>
<a href="https://mobile.twitter.com" rel="nofollow">Twitter Web App</a>
<a href="https://twitter.com" rel="nofollow">LaughQuotes</a>
<a href="http://twitter.com/download/iphone" rel="nofollow">Twitter for iPhone</a>
<a href="http://www.cosphb.com/" rel="nofollow">COSPHB.COM</a>
<a href="https://mobile.twitter.com" rel="nofollow">Twitter Web App</a>
<a href="http://twitter.com/download/android" rel="nofollow">Twitter for Android</a>
<a href="http://twitter.com/download/android" rel="nofollow">Twitter for Android</a>
<a href="http://twitter.com/download/android" rel="nofollow">Twitter for Android</a>
<a href="http://twitter.com/download/iphone" rel="nofollow">Twitter for iPhone</a>
<a href="https://mobile.twitter.com" rel="nofollow">Twitter Web App</a>
<a href="https://mobile.twitter.com" rel="nofollow">Twitter Web App</a>
<a href="https://mobile.twitter.com" rel="nofollow">Twitter Web App</a>
<a href="https://mobile.twitter.com" rel="nofollow">Twitter Web App</a>
<a href="http://twitter.com/download/android" rel="nofollow">Twitter for Android</a>
<a href="http://twitter.com/download/android" rel="nofollow">Twitter for Android</a>
<a href="https://mobile.twitter.com" rel="nofollow">Twitter Web App</a>
<a href="https://mobile.twitter.com" rel="nofollow">Twitter Web App</a>
<a href="https://ifttt.com" rel="nofollow">IFTTT</a>
<a href="http://twitter.com/download/android" rel="nofollow">Twitter for Android</a>
<a href="https://mobile.twitter.com" rel="nofollow">Twitter Web App</a>
<a href="http://twitter.com/download/android" rel="nofollow">Twitter for Android</a>
<a href="http://twitter.com/download/iphone" rel="nofollow">Twitter for iPhone</a>
<a href="http://twitter.com/download/android" rel="nofollow">Twitter for Android</a>
<a href="https://mobile.twitter.com" rel="nofollow">Twitter Web App</a>
<a href="https://mobile.twitter.com" rel="nofollow">Twitter Web App</a>
<a href="https://mobile.twitter.com" rel="nofollow">Twitter Web App</a>
<a href="http://twitter.com/download/iphone" rel="nofollow">Twitter for iPhone</a>
<a href="http://twitter.com/download/android" rel="nofollow">Twitter for Android</a>
<a href="https://mobile.twitter.com" rel="nofollow">Twitter Web App</a>
<a href="https://mobile.twitter.com" rel="nofollow">Twitter Web App</a>
<a href="http://twitter.com/download/android" rel="nofollow">Twitter for Android</a>
<a href="https://mobile.twitter.com" rel="nofollow">Twitter Web App</a>
<a href="http://twitter.com/download/android" rel="nofollow">Twitter for Android</a>
<a href="https://mobile.twitter.com" rel="nofollow">Twitter Web App</a>
<a href="http://twitter.com/download/android" rel="nofollow">Twitter for Android</a>
<a href="http://twitter.com/download/android" rel="nofollow">Twitter for Android</a>
<a href="http://twitter.com/download/android" rel="nofollow">Twitter for Android</a>
<a href="http://twitter.com/download/android" rel="nofollow">Twitter for Android</a>
<a href="http://twitter.com/download/iphone" rel="nofollow">Twitter for iPhone</a>
<a href="http://twitter.com/download/android" rel="nofollow">Twitter for Android</a>
<a href="http://twitter.com/download/android" rel="nofollow">Twitter for Android</a>
<a href="http://twitter.com/download/iphone" rel="nofollow">Twitter for iPhone</a>
<a href="http://twitter.com/download/android" rel="nofollow">Twitter for Android</a>
<a href="http://twitter.com/download/android" rel="nofollow">Twitter for Android</a>
<a href="https://mobile.twitter.com" rel="nofollow">Twitter Web App</a>
<a href="https://mobile.twitter.com" rel="nofollow">Twitter Web App</a>
<a href="http://twitter.com/download/android" rel="nofollow">Twitter for Android</a>
<a href="http://twitter.com/download/android" rel="nofollow">Twitter for Android</a>
<a href="https://mobile.twitter.com" rel="nofollow">Twitter Web App</a>
<a href="https://mobile.twitter.com" rel="nofollow">Twitter Web App</a>
<a href="http://twitter.com/download/android" rel="nofollow">Twitter for Android</a>
<a href="https://mobile.twitter.com" rel="nofollow">Twitter Web App</a>
<a href="https://mobile.twitter.com" rel="nofollow">Twitter Web App</a>
<a href="http://twitter.com/download/android" rel="nofollow">Twitter for Android</a>
<a href="https://mobile.twitter.com" rel="nofollow">Twitter Web App</a>
<a href="https://mobile.twitter.com" rel="nofollow">Twitter Web App</a>
<a href="http://twitter.com/download/iphone" rel="nofollow">Twitter for iPhone</a>
<a href="https://twitter.com" rel="nofollow">LaughQuotes</a>
<a href="http://twitter.com/download/android" rel="nofollow">Twitter for Android</a>
<a href="http://twitter.com/download/iphone" rel="nofollow">Twitter for iPhone</a>
<a href="http://twitter.com/download/iphone" rel="nofollow">Twitter for iPhone</a>
<a href="http://twitter.com/download/iphone" rel="nofollow">Twitter for iPhone</a>
<a href="https://mobile.twitter.com" rel="nofollow">Twitter Web App</a>
<a href="http://twitter.com/download/iphone" rel="nofollow">Twitter for iPhone</a>
<a href="http://twitter.com/download/iphone" rel="nofollow">Twitter for iPhone</a>
<a href="http://twitter.com/download/android" rel="nofollow">Twitter for Android</a>
<a href="http://twitter.com/download/android" rel="nofollow">Twitter for Android</a>
<a href="http://twitter.com/#!/download/ipad" rel="nofollow">Twitter for iPad</a>
<a href="http://twitter.com/download/android" rel="nofollow">Twitter for Android</a>
<a href="http://twitter.com/download/android" rel="nofollow">Twitter for Android</a>
<a href="http://twitter.com/download/android" rel="nofollow">Twitter for Android</a>
<a href="http://twitter.com/download/android" rel="nofollow">Twitter for Android</a>
<a href="http://twitter.com/download/iphone" rel="nofollow">Twitter for iPhone</a>
<a href="http://twitter.com/download/iphone" rel="nofollow">Twitter for iPhone</a>
<a href="https://mobile.twitter.com" rel="nofollow">Twitter Web App</a>
<a href="https://mobile.twitter.com" rel="nofollow">Twitter Web App</a>
<a href="http://twitter.com/download/iphone" rel="nofollow">Twitter for iPhone</a>
<a href="https://mobile.twitter.com" rel="nofollow">Twitter Web App</a>
<a href="http://twitter.com/download/android" rel="nofollow">Twitter for Android</a>
<a href="http://twitter.com/download/iphone" rel="nofollow">Twitter for iPhone</a>
<a href="http://twitter.com/download/android" rel="nofollow">Twitter for Android</a>
<a href="https://mobile.twitter.com" rel="nofollow">Twitter Web App</a>
<a href="http://twitter.com/download/android" rel="nofollow">Twitter for Android</a>
<a href="https://mobile.twitter.com" rel="nofollow">Twitter Web App</a>
<a href="http://twitter.com/download/android" rel="nofollow">Twitter for Android</a>
<a href="http://twitter.com/download/iphone" rel="nofollow">Twitter for iPhone</a>
<a href="https://mobile.twitter.com" rel="nofollow">Twitter Web App</a>
<a href="http://twitter.com/download/android" rel="nofollow">Twitter for Android</a>
<a href="https://mobile.twitter.com" rel="nofollow">Twitter Web App</a>
<a href="http://twitter.com/download/android" rel="nofollow">Twitter for Android</a>
<a href="http://twitter.com/download/android" rel="nofollow">Twitter for Android</a>
<a href="http://twitter.com/download/iphone" rel="nofollow">Twitter for iPhone</a>
<a href="http://twitter.com/download/android" rel="nofollow">Twitter for Android</a>
<a href="https://mobile.twitter.com" rel="nofollow">Twitter Web App</a>
<a href="https://streamlabs.com" rel="nofollow">Streamlabs Twitter</a>
<a href="https://dlvrit.com/" rel="nofollow">dlvr.it</a>
<a href="http://twitter.com/download/iphone" rel="nofollow">Twitter for iPhone</a>
<a href="http://twitter.com/download/android" rel="nofollow">Twitter for Android</a>
<a href="https://mobile.twitter.com" rel="nofollow">Twitter Web App</a>
<a href="https://mobile.twitter.com" rel="nofollow">Twitter Web App</a>
<a href="http://twitter.com/download/android" rel="nofollow">Twitter for Android</a>
<a href="https://mobile.twitter.com" rel="nofollow">Twitter Web App</a>
<a href="http://twitter.com/download/android" rel="nofollow">Twitter for Android</a>
<a href="https://mobile.twitter.com" rel="nofollow">Twitter Web App</a>
<a href="https://mobile.twitter.com" rel="nofollow">Twitter Web App</a>
<a href="http://twitter.com/download/android" rel="nofollow">Twitter for Android</a>
<a href="http://twitter.com/download/android" rel="nofollow">Twitter for Android</a>
<a href="http://twitter.com/download/android" rel="nofollow">Twitter for Android</a>
<a href="https://mobile.twitter.com" rel="nofollow">Twitter Web App</a>
<a href="https://sproutsocial.com" rel="nofollow">Sprout Social</a>
<a href="https://mobile.twitter.com" rel="nofollow">Twitter Web App</a>
<a href="http://twitter.com/download/iphone" rel="nofollow">Twitter for iPhone</a>
<a href="http://twitter.com/download/android" rel="nofollow">Twitter for Android</a>
<a href="http://twitter.com/download/android" rel="nofollow">Twitter for Android</a>
<a href="http://twitter.com/download/iphone" rel="nofollow">Twitter for iPhone</a>
<a href="http://twitter.com/download/iphone" rel="nofollow">Twitter for iPhone</a>
<a href="http://twitter.com/#!/download/ipad" rel="nofollow">Twitter for iPad</a>
<a href="http://twitter.com/download/android" rel="nofollow">Twitter for Android</a>
<a href="http://twitter.com/download/iphone" rel="nofollow">Twitter for iPhone</a>
<a href="http://twitter.com/download/android" rel="nofollow">Twitter for Android</a>
<a href="http://twitter.com/download/android" rel="nofollow">Twitter for Android</a>
<a href="https://mobile.twitter.com" rel="nofollow">Twitter Web App</a>
<a href="http://twitter.com/download/iphone" rel="nofollow">Twitter for iPhone</a>
<a href="http://twitter.com/download/android" rel="nofollow">Twitter for Android</a>
<a href="https://mobile.twitter.com" rel="nofollow">Twitter Web App</a>
<a href="http://twitter.com/download/android" rel="nofollow">Twitter for Android</a>
<a href="https://mobile.twitter.com" rel="nofollow">Twitter Web App</a>
<a href="http://twitter.com/download/android" rel="nofollow">Twitter for Android</a>
<a href="https://sproutsocial.com" rel="nofollow">Sprout Social</a>
<a href="http://twitter.com/download/iphone" rel="nofollow">Twitter for iPhone</a>
<a href="https://www.reddit.com/u/regexr" rel="nofollow">FunkoRelease</a>
<a href="https://mobile.twitter.com" rel="nofollow">Twitter Web App</a>
<a href="http://twitter.com/download/android" rel="nofollow">Twitter for Android</a>
<a href="http://twitter.com/download/android" rel="nofollow">Twitter for Android</a>
<a href="https://cheapbotsdonequick.com" rel="nofollow">Cheap Bots, Done Quick!</a>
<a href="http://twitter.com/download/android" rel="nofollow">Twitter for Android</a>
<a href="https://mobile.twitter.com" rel="nofollow">Twitter Web App</a>
<a href="http://twitter.com/download/iphone" rel="nofollow">Twitter for iPhone</a>
<a href="http://twitter.com/download/android" rel="nofollow">Twitter for Android</a>
<a href="https://mobile.twitter.com" rel="nofollow">Twitter Web App</a>
<a href="https://mobile.twitter.com" rel="nofollow">Twitter Web App</a>
<a href="http://twitter.com/download/iphone" rel="nofollow">Twitter for iPhone</a>
<a href="https://mobile.twitter.com" rel="nofollow">Twitter Web App</a>
<a href="http://twitter.com/download/android" rel="nofollow">Twitter for Android</a>
<a href="http://twitter.com/download/iphone" rel="nofollow">Twitter for iPhone</a>
<a href="http://twitter.com/download/android" rel="nofollow">Twitter for Android</a>
<a href="http://twitter.com/download/android" rel="nofollow">Twitter for Android</a>
<a href="http://twitter.com/download/android" rel="nofollow">Twitter for Android</a>
<a href="http://twitter.com/download/android" rel="nofollow">Twitter for Android</a>
<a href="http://twitter.com/download/android" rel="nofollow">Twitter for Android</a>
<a href="https://mobile.twitter.com" rel="nofollow">Twitter Web App</a>
<a href="https://mobile.twitter.com" rel="nofollow">Twitter Web App</a>
<a href="https://mobile.twitter.com" rel="nofollow">Twitter Web App</a>
<a href="https://mobile.twitter.com" rel="nofollow">Twitter Web App</a>
<a href="https://mobile.twitter.com" rel="nofollow">Twitter Web App</a>
<a href="http://twittbot.net/" rel="nofollow">twittbot.net</a>
<a href="http://twitter.com/download/iphone" rel="nofollow">Twitter for iPhone</a>
<a href="https://revive.social/" rel="nofollow">Revive Social App</a>
<a href="https://mobile.twitter.com" rel="nofollow">Twitter Web App</a>
<a href="http://twitter.com/download/android" rel="nofollow">Twitter for Android</a>
<a href="http://twitter.com/download/android" rel="nofollow">Twitter for Android</a>
<a href="http://twitter.com/download/android" rel="nofollow">Twitter for Android</a>
<a href="http://twitter.com/download/android" rel="nofollow">Twitter for Android</a>
<a href="http://twitter.com/download/iphone" rel="nofollow">Twitter for iPhone</a>
<a href="http://twitter.com/download/iphone" rel="nofollow">Twitter for iPhone</a>
<a href="http://twittbot.net/" rel="nofollow">twittbot.net</a>
<a href="http://twitter.com/download/android" rel="nofollow">Twitter for Android</a>
<a href="http://twitter.com/download/android" rel="nofollow">Twitter for Android</a>
<a href="http://twitter.com/download/android" rel="nofollow">Twitter for Android</a>
<a href="https://mobile.twitter.com" rel="nofollow">Twitter Web App</a>
<a href="http://twitter.com/download/iphone" rel="nofollow">Twitter for iPhone</a>
<a href="https://mobile.twitter.com" rel="nofollow">Twitter Web App</a>
<a href="https://mobile.twitter.com" rel="nofollow">Twitter Web App</a>
<a href="http://twitter.com/download/android" rel="nofollow">Twitter for Android</a>
<a href="https://mobile.twitter.com" rel="nofollow">Twitter Web App</a>
<a href="https://mobile.twitter.com" rel="nofollow">Twitter Web App</a>
<a href="https://mobile.twitter.com" rel="nofollow">Twitter Web App</a>
<a href="https://www.hootsuite.com" rel="nofollow">Hootsuite Inc.</a>
<a href="http://twitter.com/download/android" rel="nofollow">Twitter for Android</a>
<a href="http://twitter.com/download/iphone" rel="nofollow">Twitter for iPhone</a>
<a href="http://twitter.com/download/android" rel="nofollow">Twitter for Android</a>
<a href="http://twitter.com/download/android" rel="nofollow">Twitter for Android</a>
<a href="http://twitter.com/download/iphone" rel="nofollow">Twitter for iPhone</a>
<a href="http://twitter.com/download/android" rel="nofollow">Twitter for Android</a>
<a href="https://mobile.twitter.com" rel="nofollow">Twitter Web App</a>
<a href="http://twitter.com/download/android" rel="nofollow">Twitter for Android</a>
<a href="http://twitter.com/download/iphone" rel="nofollow">Twitter for iPhone</a>
<a href="http://twitter.com/download/android" rel="nofollow">Twitter for Android</a>
<a href="http://twitter.com/download/iphone" rel="nofollow">Twitter for iPhone</a>
<a href="http://twitter.com/download/android" rel="nofollow">Twitter for Android</a>
<a href="https://mobile.twitter.com" rel="nofollow">Twitter Web App</a>
<a href="http://twitter.com/download/android" rel="nofollow">Twitter for Android</a>
<a href="http://twitter.com/download/iphone" rel="nofollow">Twitter for iPhone</a>
<a href="http://twitter.com/download/iphone" rel="nofollow">Twitter for iPhone</a>
<a href="https://mobile.twitter.com" rel="nofollow">Twitter Web App</a>
<a href="http://twitter.com/download/iphone" rel="nofollow">Twitter for iPhone</a>
<a href="http://twitter.com/download/android" rel="nofollow">Twitter for Android</a>
<a href="https://mobile.twitter.com" rel="nofollow">Twitter Web App</a>
<a href="https://mobile.twitter.com" rel="nofollow">Twitter Web App</a>
<a href="https://mobile.twitter.com" rel="nofollow">Twitter Web App</a>
<a href="http://twitter.com/download/iphone" rel="nofollow">Twitter for iPhone</a>
<a href="http://twitter.com/download/iphone" rel="nofollow">Twitter for iPhone</a>
<a href="http://twitter.com/download/android" rel="nofollow">Twitter for Android</a>
<a href="http://twitter.com/download/android" rel="nofollow">Twitter for Android</a>
<a href="https://mobile.twitter.com" rel="nofollow">Twitter Web App</a>
<a href="https://mobile.twitter.com" rel="nofollow">Twitter Web App</a>
<a href="https://mobile.twitter.com" rel="nofollow">Twitter Web App</a>
<a href="http://twitter.com/download/android" rel="nofollow">Twitter for Android</a>
<a href="http://twitter.com/download/android" rel="nofollow">Twitter for Android</a>
<a href="http://twitter.com/download/iphone" rel="nofollow">Twitter for iPhone</a>
<a href="https://mobile.twitter.com" rel="nofollow">Twitter Web App</a>
<a href="http://twitter.com/download/android" rel="nofollow">Twitter for Android</a>
<a href="https://mobile.twitter.com" rel="nofollow">Twitter Web App</a>
<a href="http://twitter.com/download/android" rel="nofollow">Twitter for Android</a>
<a href="https://mobile.twitter.com" rel="nofollow">Twitter Web App</a>
<a href="https://mobile.twitter.com" rel="nofollow">Twitter Web App</a>
<a href="http://twitter.com/download/android" rel="nofollow">Twitter for Android</a>
<a href="http://twitter.com/download/android" rel="nofollow">Twitter for Android</a>
<a href="http://twitter.com/download/iphone" rel="nofollow">Twitter for iPhone</a>
<a href="https://mobile.twitter.com" rel="nofollow">Twitter Web App</a>
<a href="http://twitter.com/download/android" rel="nofollow">Twitter for Android</a>
<a href="https://mobile.twitter.com" rel="nofollow">Twitter Web App</a>
<a href="https://mobile.twitter.com" rel="nofollow">Twitter Web App</a>
<a href="http://twitter.com/download/android" rel="nofollow">Twitter for Android</a>
<a href="http://twitter.com/download/android" rel="nofollow">Twitter for Android</a>
<a href="https://mobile.twitter.com" rel="nofollow">Twitter Web App</a>
<a href="http://twitter.com/download/iphone" rel="nofollow">Twitter for iPhone</a>
<a href="https://mobile.twitter.com" rel="nofollow">Twitter Web App</a>
<a href="https://mobile.twitter.com" rel="nofollow">Twitter Web App</a>
<a href="http://twitter.com/download/iphone" rel="nofollow">Twitter for iPhone</a>
<a href="http://twitter.com/download/iphone" rel="nofollow">Twitter for iPhone</a>
mooified
YXNGSHARK
AmyTsuHaru
esquizofodase
_BenjaminGreen
seokjintruly
WolfiDarko
Magal_Lixo
1losingmymind
shadowLynaru
MGGBrasil
Shark_Forge
nosredna2022
TheAzureRose1
Michell10857403
Amethystryst
Robert_Dent
MistoysShop
Th3koldkilla
Carkeyfam
LOL_Art_Bot
Bohemian_child
cosphb
Migi_1577
myxeria
jokaaeuw
Astro_potatoe
IndexRegalia
Carkeyfam
_lovingcrisu_
overwhelmedpart
TenAC40971888
Yukitomo_Kamui
diego_chicone
Pedro_Makarov
Christi87424339
jdgamer42
Alexadm01
EsportsDane
niggatrix
gustav_markus
CourtneyOnuma
The_BobbyJ
StarforgePCs
sarrrrtori
VedovatiY
bestluxwildrift
ExtremCon
celilctn
_Mandybr
ExtremCon
Akira__Power
jarhead577
K0ku36
BLUE_BALLSER
Novaiszdesigner
XxMG1555xX
annoyingforhim
Sup3rJT
SWKButMortal
Anto_Ane_
Prototekkk
cosplayconnect1
Akihabbx
Moises90883534
Genshikikan
DonManchot
zLinex_
sokomir
JeffAHamilton
Jenny_Toxic_
Jenny_Toxic_
Omega0301_
TammyGa02135957
TasheemTheDream
matiassb14
LOL_Art_Bot
BigBenVa1
jhop333
tvnkth
Silent_SolarFox
Libtator
transfemleone
Keily_VmyHope
monsecondaire
RuttyJohn
Fritz2006_
jotaisblue
xRicoADK
minqcid
Davmorcas7
KawaiOpus
r4ukz
RoadwarriorTV
lNani_uwu
ajuaspito
Carkeyfam
Berekiel
curlydpool
lauraerrege2
ThatJadeRabbit
Einz_bear
Attacker720
requieeeeeem
hennytokes
JohnCoo26042945
alex_frade01
LVPargLoL
uwu_riii
StormeMatt
Dancer4ever328
pipsqeuak
dudedidireally1
augustow08
DotEsports
SwanEvans
Ddonghwax
TonyW1nchester
MarlyChina
CuervoGamer94
UboyGp
CuervoGamer94
WiseGuy3683
rosariastanacc
irene_horses
DManny_
cfuyulvr
iamlordalvarado
EsportsNIU
souvlakiis
CinnaBadgr
wheel_peter
sorrisoardente
kim_estradalove
dahlia42069
That_One_Andy
rayapologist
Roastrack
Ladaronnecasu
Maelio_
sadwitch_915
Q_N_league
irene_horses
dkzin_dssp
Panda_Sheo
Dusty_NFT
Pondle_i
Esport_Cert
LeblancRavenWin
FunkoRelease
DawnCra81182034
BigHuwee
titansukuna
Blot_EN
PumpkPrince_ss
MariaAryaStark
GuiltyObiwan_
MxNova14
Mth24kt
Aether115
tuffmachmi
Squirre91022235
XoramDoeFarron
sarag_omg
CyberRoxX1
MerluzaVenenosa
TheKellerBee
verbxrrea
mandiphernelia
gothceo
charleytanx21
jara__y
cciampolo
otakug07
SilencePleaseee
atheriehl
CricktaleO
sodaupdatess
mateusKF1
areyoul22
DrAchincalhao
OOO_JJUNE
xrocket3211
MercedesAMGF1BR
tsumugiaobabot
Darkmynde
Luis53417269
LabarreTheo
thehiddenmaze
zouz56060317
JacobLAdler
WitheredAria
supersalty94
Michael17039507
chishacos
chishacos
lakeshoretech
i2tdrk
niftyhunter
SkTarak_
TostadaSinPan
ultimatenova21
sergiouceda8
KonoBlueBeast
v7yzhard
arimogul
ZyzzMascu
AmyKichko
RafaelClecio
Phantomclover15
Franco_jc
Kaiju3nthusiast
kaidonskaidon
Mc_MeCo_GW2
marianatff
PhantomRE6
joseb_21_
yoshyyy__
DrMPRogers
andremdtavares
tweetsdojao
OflasUygar
mhcosplaydesign
Thekaahsz
Brujita1631
Juliette_Games
jokefunny078
dubhridir
KittahtheWolf95
Juliette_Games
RainbowUltras
morz4t
Reiki_Ren
shikaichi89
Asbolu
tanztimviereck
jokefunny078
fatherfredly
pentephrax
topazaggron
71thium
Qrror71
pestylensz
Jord_n_
GSn4k3
yuleebun
Qrror71
AnonimaEnPalabr
Rio_Takebe
maeleecutiee
66
0
220
0
0
42
13
0
0
71
0
0
64
0
1
421
72
8
0
0
1
72
0
421
30
0
66
0
1
0
26
1
1
0
7
4
0
220
0
31
0
22
0
0
0
55
72
4698
0
1
13
0
1
0
3
73
66
0
1
0
0
24
72
55
0
28
0
13
0
0
74
393
55
2
0
0
3
0
3
0
0
13
0
3
0
0
0
0
13
3
13
0
0
66
8
421
3
0
0
220
72
0
22
7
1
1
220
0
72
3
1
0
1
0
0
66
0
421
55
1
3
1
0
0
15
421
72
0
1
0
0
220
411
66
66
0
66
24
52
8040
0
377
393
5426
0
1
72
0
220
0
1
180
0
0
0
4698
55
66
421
72
421
4
220
66
0
421
0
220
5
0
0
220
2
2
0
421
0
66
0
13
2
48
66
2
0
6
411
72
0
66
0
0
0
1
0
0
0
0
66
4
26
66
220
72
0
66
0
1
73
22
220
421
0
55
1
0
4698
0
913
421
0
0
0
0
13
706
6
1
1
4
0
4698
72
1
34
0
192
0
1
29
0
13
0
5
220
72
220
72
1
421
TRUE
FALSE
TRUE
FALSE
FALSE
TRUE
TRUE
FALSE
FALSE
TRUE
FALSE
FALSE
TRUE
FALSE
TRUE
TRUE
TRUE
TRUE
FALSE
FALSE
TRUE
TRUE
FALSE
TRUE
TRUE
FALSE
TRUE
FALSE
FALSE
FALSE
TRUE
TRUE
TRUE
FALSE
TRUE
TRUE
FALSE
TRUE
FALSE
TRUE
FALSE
TRUE
FALSE
FALSE
FALSE
TRUE
TRUE
TRUE
FALSE
TRUE
TRUE
FALSE
FALSE
FALSE
TRUE
TRUE
TRUE
FALSE
TRUE
FALSE
FALSE
TRUE
TRUE
TRUE
FALSE
TRUE
FALSE
TRUE
FALSE
FALSE
TRUE
TRUE
TRUE
TRUE
FALSE
FALSE
TRUE
FALSE
TRUE
FALSE
FALSE
TRUE
FALSE
TRUE
FALSE
FALSE
FALSE
FALSE
TRUE
TRUE
TRUE
FALSE
FALSE
TRUE
TRUE
TRUE
FALSE
FALSE
FALSE
TRUE
TRUE
FALSE
TRUE
TRUE
TRUE
TRUE
TRUE
FALSE
TRUE
TRUE
TRUE
FALSE
TRUE
FALSE
FALSE
TRUE
FALSE
TRUE
TRUE
TRUE
TRUE
TRUE
FALSE
FALSE
TRUE
TRUE
TRUE
FALSE
FALSE
FALSE
FALSE
TRUE
TRUE
TRUE
TRUE
FALSE
TRUE
TRUE
TRUE
TRUE
FALSE
TRUE
TRUE
TRUE
FALSE
FALSE
TRUE
FALSE
TRUE
FALSE
TRUE
TRUE
FALSE
FALSE
FALSE
TRUE
TRUE
TRUE
TRUE
TRUE
TRUE
TRUE
TRUE
TRUE
FALSE
TRUE
FALSE
TRUE
TRUE
FALSE
TRUE
TRUE
TRUE
TRUE
FALSE
TRUE
FALSE
TRUE
FALSE
TRUE
TRUE
TRUE
TRUE
FALSE
FALSE
TRUE
TRUE
TRUE
FALSE
TRUE
FALSE
FALSE
FALSE
TRUE
FALSE
FALSE
FALSE
FALSE
TRUE
TRUE
TRUE
TRUE
TRUE
TRUE
FALSE
TRUE
FALSE
TRUE
TRUE
TRUE
TRUE
TRUE
FALSE
TRUE
TRUE
FALSE
TRUE
FALSE
TRUE
TRUE
FALSE
FALSE
FALSE
FALSE
TRUE
TRUE
TRUE
TRUE
TRUE
TRUE
FALSE
TRUE
TRUE
FALSE
TRUE
FALSE
TRUE
FALSE
TRUE
TRUE
FALSE
TRUE
FALSE
TRUE
TRUE
TRUE
TRUE
TRUE
TRUE
TRUE
FALSE
FALSE
FALSE
FALSE
FALSE
FALSE
FALSE
FALSE
FALSE
FALSE
FALSE
FALSE
FALSE
FALSE
FALSE
FALSE
FALSE
FALSE
FALSE
FALSE
FALSE
FALSE
FALSE
FALSE
FALSE
FALSE
FALSE
FALSE
FALSE
FALSE
FALSE
FALSE
FALSE
FALSE
FALSE
FALSE
FALSE
FALSE
FALSE
FALSE
FALSE
FALSE
FALSE
FALSE
FALSE
FALSE
FALSE
FALSE
FALSE
FALSE
FALSE
FALSE
FALSE
FALSE
FALSE
FALSE
FALSE
FALSE
FALSE
FALSE
FALSE
FALSE
FALSE
FALSE
FALSE
FALSE
FALSE
FALSE
FALSE
FALSE
FALSE
FALSE
FALSE
FALSE
FALSE
FALSE
FALSE
FALSE
FALSE
FALSE
FALSE
FALSE
FALSE
FALSE
FALSE
FALSE
FALSE
FALSE
FALSE
FALSE
FALSE
FALSE
FALSE
FALSE
FALSE
FALSE
FALSE
FALSE
FALSE
FALSE
FALSE
FALSE
FALSE
FALSE
FALSE
FALSE
FALSE
FALSE
FALSE
FALSE
FALSE
FALSE
FALSE
FALSE
FALSE
FALSE
FALSE
FALSE
FALSE
FALSE
FALSE
FALSE
FALSE
FALSE
FALSE
FALSE
FALSE
FALSE
FALSE
FALSE
FALSE
FALSE
FALSE
FALSE
FALSE
FALSE
FALSE
FALSE
FALSE
FALSE
FALSE
FALSE
FALSE
FALSE
FALSE
FALSE
FALSE
FALSE
FALSE
FALSE
FALSE
FALSE
FALSE
FALSE
FALSE
FALSE
FALSE
FALSE
FALSE
FALSE
FALSE
FALSE
FALSE
FALSE
FALSE
FALSE
FALSE
FALSE
FALSE
FALSE
FALSE
FALSE
FALSE
FALSE
FALSE
FALSE
FALSE
FALSE
FALSE
FALSE
FALSE
FALSE
FALSE
FALSE
FALSE
FALSE
FALSE
FALSE
FALSE
FALSE
FALSE
FALSE
FALSE
FALSE
FALSE
FALSE
FALSE
FALSE
FALSE
FALSE
FALSE
FALSE
FALSE
FALSE
FALSE
FALSE
FALSE
FALSE
FALSE
FALSE
FALSE
FALSE
FALSE
FALSE
FALSE
FALSE
FALSE
FALSE
FALSE
FALSE
FALSE
FALSE
FALSE
FALSE
FALSE
FALSE
FALSE
FALSE
FALSE
FALSE
FALSE
FALSE
FALSE
FALSE
FALSE
FALSE
FALSE
FALSE
FALSE
FALSE
FALSE
FALSE
FALSE
FALSE
FALSE
FALSE
FALSE
FALSE
FALSE
FALSE
NA
NA
NA
NA
NA
NA
NA
NA
NA
NA
NA
NA
NA
NA
NA
NA
NA
NA
NA
NA
NA
NA
NA
NA
NA
NA
NA
NA
NA
NA
NA
NA
NA
NA
NA
NA
NA
NA
NA
NA
NA
NA
NA
NA
NA
NA
NA
NA
NA
NA
NA
NA
NA
NA
NA
NA
NA
NA
NA
NA
NA
NA
NA
NA
NA
NA
NA
NA
NA
NA
NA
NA
NA
NA
NA
NA
NA
NA
NA
NA
NA
NA
NA
NA
NA
NA
NA
NA
NA
NA
NA
NA
NA
NA
NA
NA
NA
NA
NA
NA
NA
NA
NA
NA
NA
NA
NA
NA
NA
NA
NA
NA
NA
NA
NA
NA
NA
NA
NA
NA
NA
NA
NA
NA
NA
NA
NA
NA
NA
NA
NA
NA
NA
NA
NA
NA
NA
NA
NA
NA
NA
NA
NA
NA
NA
NA
NA
NA
NA
NA
NA
NA
NA
NA
NA
NA
NA
NA
NA
NA
NA
NA
NA
NA
NA
NA
NA
NA
NA
NA
NA
NA
NA
NA
NA
NA
NA
NA
NA
NA
NA
NA
NA
NA
NA
NA
NA
NA
NA
NA
NA
NA
NA
NA
NA
NA
NA
NA
NA
NA
NA
NA
NA
NA
NA
NA
NA
NA
NA
NA
NA
NA
NA
NA
NA
NA
NA
NA
NA
NA
NA
NA
NA
NA
NA
NA
NA
NA
NA
NA
NA
NA
NA
NA
NA
NA
NA
NA
NA
NA
NA
NA
NA
NA
NA
NA
NA
NA
NA
NA
NA
NA
NA
NA
NA
NA
NA
NA
NA
NA
NA
NA
NA
NA
NA
NA
NA
NA
NA
NA
NA
NA
NA
NA
NA
NA
NA
NA
NA
NA
NA
NA
NA
NA
NA
NA
NA
NA
NA
NA
NA
NA
NA
NA
NA
NA
NA
NA
NA
NA
NA
NA
NA
NA
NA
NA
NA
NA
NA
NA
NA
NA
NA
NA
NA
NA
NA
NA
NA
NA
NA
NA
NA
NA
NA
NA
NA
NA
NA
NA
NA
NA
NA
NA
NA
NA
NA
NA
NA
NA
NA
NA
NA
NA
NA
NA
NA
NA
NA
NA
NA
NA
NA
NA
NA
NA
NA
NA
NA
NA
NA
NA
NA
NA
NA
NA
NA
NA
NA
NA
NA
NA
NA
NA
NA
NA
NA
NA
NA
NA
NA
NA
NA
NA
NA
NA
NA
NA
NA
NA
NA
NA
NA
NA
NA
NA
NA
NA
NA
NA
NA
NA
NA
NA
NA
NA
NA
NA
NA
NA
NA
NA
NA
NA
NA
NA
NA
NA
NA
NA
NA
NA
NA
NA
NA
NA
NA
NA
NA
NA
NA
NA
NA
NA
NA
NA
NA
NA
NA
NA
NA
NA
NA
NA
NA
NA
NA
NA
NA
NA
NA
NA
NA
NA
NA
NA
NA
NA
NA
NA
NA
NA
NA
NA
NA
NA
NA
NA
NA
NA
NA
NA
NA
NA
NA
NA
NA
NA
NA
NA
NA
NA
NA
NA
NA
NA
NA
NA
NA
NA
NA
NA
NA
NA
NA
NA
NA
NA
NA
NA
 
